i,size,mu,method,random,remerge,relative,time,modularity,conductance,jaccard
0,1000,0.4,None,False,False,False,5.487250089645386,0.5619952270317068,0.5992195105568252,0.9746040886841347
1,1000,0.4,None,False,False,False,6.52808690071106,0.5628005182067192,0.6017978997093869,0.941740770681757
